provider,entity_type,external_id,community_id,status,source_url,reviewed_at
ideapocket.series,series,1011,series_000004,approved,https://ideapocket.com/works/list/series/1011,2026-09-04
ideapocket.series,series,863,series_000003,approved,https://ideapocket.com/works/list/series/863,2026-09-04
moodyz.label,label,12798,label_000002,approved,https://moodyz.com/works/list/label/12798,2026-09-04
moodyz.label,label,5048,label_000001,approved,https://moodyz.com/works/list/label/5048,2026-09-04
moodyz.series,series,5427,series_000002,approved,https://moodyz.com/works/list/series/5427,2026-09-04
s1.series,series,414,series_000001,approved,https://s1s1s1.com/works/list/series/414,2026-09-04
attackers.label,label,2754,label_000003,approved,https://attackers.net/works/list/label/2754,2026-09-04
attackers.label,label,2751,label_000004,approved,https://attackers.net/works/list/label/2751,2026-09-04
attackers.label,label,9455,label_000005,approved,https://attackers.net/works/list/label/9455,2026-09-04
attackers.label,label,2737,label_000006,approved,https://attackers.net/works/list/label/2737,2026-09-04
attackers.label,label,2739,label_000007,approved,https://attackers.net/works/list/label/2739,2026-09-04
attackers.label,label,2749,label_000008,approved,https://attackers.net/works/list/label/2749,2026-09-04
attackers.label,label,2735,label_000009,approved,https://attackers.net/works/list/label/2735,2026-09-04
attackers.label,label,2756,label_000010,approved,https://attackers.net/works/list/label/2756,2026-09-04
attackers.label,label,12605,label_000011,approved,https://attackers.net/works/list/label/12605,2026-09-04
attackers.label,label,81348,label_000012,approved,https://attackers.net/works/list/label/81348,2026-09-04
attackers.label,label,5245,label_000013,approved,https://attackers.net/works/list/label/5245,2026-09-04
attackers.label,label,85265,label_000014,approved,https://attackers.net/works/list/label/85265,2026-09-04
attackers.label,label,9483,label_000015,approved,https://attackers.net/works/list/label/9483,2026-09-04
attackers.label,label,10077,label_000016,approved,https://attackers.net/works/list/label/10077,2026-09-04
attackers.label,label,10142,label_000017,approved,https://attackers.net/works/list/label/10142,2026-09-04
attackers.label,label,10144,label_000018,approved,https://attackers.net/works/list/label/10144,2026-09-04
attackers.label,label,10151,label_000019,approved,https://attackers.net/works/list/label/10151,2026-09-04
madonna.label,label,3669,label_000020,approved,https://madonna-av.com/works/list/label/3669,2026-09-04
madonna.label,label,12490,label_000021,approved,https://madonna-av.com/works/list/label/12490,2026-09-04
madonna.label,label,9387,label_000022,approved,https://madonna-av.com/works/list/label/9387,2026-09-04
madonna.label,label,9789,label_000023,approved,https://madonna-av.com/works/list/label/9789,2026-09-04
madonna.label,label,7354,label_000024,approved,https://madonna-av.com/works/list/label/7354,2026-09-04
madonna.label,label,9419,label_000025,approved,https://madonna-av.com/works/list/label/9419,2026-09-04
madonna.label,label,12603,label_000026,approved,https://madonna-av.com/works/list/label/12603,2026-09-04
madonna.label,label,12502,label_000027,approved,https://madonna-av.com/works/list/label/12502,2026-09-04
madonna.label,label,10130,label_000028,approved,https://madonna-av.com/works/list/label/10130,2026-09-04
madonna.label,label,7993,label_000029,approved,https://madonna-av.com/works/list/label/7993,2026-09-04
madonna.label,label,10159,label_000030,approved,https://madonna-av.com/works/list/label/10159,2026-09-04
madonna.label,label,10119,label_000031,approved,https://madonna-av.com/works/list/label/10119,2026-09-04
madonna.label,label,85265,label_000032,approved,https://madonna-av.com/works/list/label/85265,2026-09-04
madonna.label,label,9483,label_000033,approved,https://madonna-av.com/works/list/label/9483,2026-09-04
madonna.label,label,10142,label_000034,approved,https://madonna-av.com/works/list/label/10142,2026-09-04
madonna.label,label,10077,label_000035,approved,https://madonna-av.com/works/list/label/10077,2026-09-04
madonna.label,label,10151,label_000036,approved,https://madonna-av.com/works/list/label/10151,2026-09-04
madonna.label,label,3125,label_000037,approved,https://madonna-av.com/works/list/label/3125,2026-09-04
